0,
1,
2,
3,
4,
5,
6,11807.502857142857
7,11848.511428571428
8,11875.574285714285
9,11908.317142857142
10,11897.81
11,11870.630000000001
12,11791.640000000001
13,11736.18142857143
14,11703.42142857143
15,11690.42285714286
16,11666.664285714289
17,11664.158571428574
18,11689.955714285717
19,11661.368571428573
20,11565.210000000003
21,11478.020000000002
22,11483.7
23,11446.73285714286
24,11352.040000000005
25,11259.985714285718
26,11219.171428571432
27,11192.050000000005
28,11029.220000000005
29,10729.112857142862
30,10472.30428571429
31,10258.541428571434
32,10032.488571428577
33,9815.878571428577
34,9548.852857142861
35,9445.631428571434
36,9369.89714285715
37,9315.11428571429
38,9248.03571428572
39,9202.241428571433
40,9183.077142857148
41,9194.768571428576
42,9208.162857142863
43,9217.270000000006
44,9236.41571428572
45,9250.517142857148
46,9284.582857142863
47,9284.802857142862
48,9299.31428571429
49,9265.980000000005
50,9251.898571428577
51,9219.030000000004
52,9198.188571428576
53,9169.037142857149
54,9152.060000000007
55,9130.39714285715
56,9137.102857142863
57,9119.465714285721
58,9134.31571428572
59,9157.59428571429
60,9166.807142857147
61,9236.284285714291
62,9306.731428571435
63,9332.208571428577
64,9381.772857142863
65,9402.91857142858
66,9422.465714285721
67,9446.558571428579
68,9432.372857142864
69,9395.277142857149
70,9402.050000000007
71,9418.391428571436
72,9440.520000000008
73,9425.38857142858
74,9485.36857142858
75,9520.631428571438
76,9571.487142857151
77,9629.32857142858
78,9656.894285714296
79,9679.184285714295
80,9751.85000000001
81,9720.598571428582
82,9684.257142857154
83,9744.080000000013
84,9701.405714285725
85,9705.894285714297
86,9678.167142857154
87,9647.714285714295
88,9581.690000000008
89,9484.995714285722
90,9299.221428571438
91,9195.231428571436
92,9121.150000000007
93,9084.42571428572
94,9011.962857142864
95,9055.871428571434
96,9189.350000000008
97,9308.432857142865
98,9445.532857142865
99,9474.407142857151
100,9495.324285714294
101,9598.657142857151
102,9569.791428571438
103,9431.97142857144
104,9264.484285714298
105,9127.73142857144
106,9150.321428571438
107,9219.405714285724
108,9247.18000000001
109,9223.401428571438
110,9253.550000000008
111,9297.898571428579
112,9322.382857142864
113,9241.332857142865
114,9102.325714285722
115,8907.125714285723
116,8855.075714285722
117,8671.811428571436
118,8515.048571428579
119,8343.468571428577
120,8138.700000000005
121,7949.848571428577
122,7787.332857142863
123,7551.128571428577
124,7422.898571428576
125,7287.5000000000055
126,7205.734285714291
127,7164.295714285719
128,7096.088571428577
129,7041.738571428577
130,6969.752857142863
131,6973.657142857148
132,6975.240000000005
133,6944.247142857149
134,6891.137142857149
135,6867.047142857148
136,6892.990000000005
137,6998.7100000000055
138,7045.65571428572
139,7115.940000000007
140,7097.224285714292
141,7094.390000000006
142,7076.558571428577
143,7006.637142857149
144,6904.014285714292
145,6791.602857142863
146,6657.957142857149
147,6530.620000000005
148,6442.000000000006
149,6388.430000000007
150,6380.32571428572
151,6385.25571428572
152,6433.010000000007
153,6443.428571428578
154,6434.110000000007
155,6427.014285714292
156,6405.478571428577
157,6323.337142857149
158,6139.852857142863
159,5935.270000000006
160,5729.792857142864
161,5664.808571428578
162,5519.820000000007
163,5429.854285714292
164,5235.230000000006
165,5598.298571428578
166,5967.144285714292
167,6381.558571428578
168,6763.274285714292
169,7293.931428571435
170,7801.542857142864
171,8409.354285714293
172,8525.975714285722
173,8649.620000000008
174,8790.387142857151
175,8861.611428571438
176,8809.74714285715
177,8747.03714285715
178,8713.970000000008
179,8718.881428571438
180,8798.277142857152
181,8904.11857142858
182,9104.764285714296
183,9265.800000000012
184,9406.39142857144
185,9516.85000000001
186,9632.355714285726
187,9753.622857142867
188,9760.747142857153
189,9758.014285714296
190,9794.280000000012
191,9889.610000000011
192,9980.068571428583
193,10084.735714285725
194,10093.074285714296
195,10113.907142857153
196,10147.404285714296
197,10146.022857142869
198,10070.218571428582
199,10004.842857142867
200,9902.782857142867
201,9756.202857142867
202,9676.261428571439
203,9559.084285714296
204,9486.164285714296
205,9420.33000000001
206,9383.360000000011
207,9339.001428571439
208,9364.314285714296
209,9309.36142857144
210,9207.002857142868
211,9057.855714285726
212,8927.300000000012
213,8768.915714285726
214,8680.462857142868
215,8589.294285714297
216,8551.405714285725
217,8563.79142857144
218,8645.988571428583
219,8713.74285714287
220,8758.812857142868
221,8778.677142857154
222,8789.245714285726
223,8713.244285714296
224,8639.427142857154
225,8511.434285714296
226,8409.11142857144
227,8280.21857142858
228,8170.871428571438
229,8075.910000000009
230,8025.575714285723
231,7907.542857142866
232,7812.414285714294
233,7690.6914285714365
234,7568.9700000000075
235,7446.808571428578
236,7311.087142857149
237,7237.944285714292
238,7242.157142857149
239,7236.732857142863
240,7223.844285714292
241,7257.600000000006
242,7258.140000000006
243,7266.7885714285785
244,7276.944285714292
245,7293.115714285721
246,7266.91714285715
247,7257.358571428579
248,7249.972857142865
249,7260.4300000000085
250,7170.151428571437
251,7109.3842857142945
252,7054.6914285714365
253,7044.877142857151
254,7054.9700000000075
255,7061.795714285721
256,7052.105714285722
257,7137.864285714292
258,7201.710000000006
259,7257.641428571435
260,7318.235714285721
261,7356.662857142864
262,7383.9371428571485
263,7381.697142857149
264,7391.494285714291
265,7385.157142857149
266,7368.12571428572
267,7375.794285714292
268,7406.110000000006
269,7410.4657142857195
270,7455.351428571435
271,7435.841428571434
272,7409.454285714292
273,7339.79571428572
274,7306.892857142863
275,7239.542857142863
276,7269.292857142863
277,7353.5057142857195
278,7493.148571428576
279,7647.091428571433
280,7875.537142857148
281,8044.030000000006
282,8215.958571428579
283,8361.521428571436
284,8458.537142857149
285,8556.865714285721
286,8634.880000000006
287,8711.604285714293
288,8757.088571428578
289,8800.231428571435
290,8881.591428571433
291,8961.867142857147
292,9031.398571428575
293,9125.695714285717
294,9147.87285714286
295,9216.460000000003
296,9281.871428571432
297,9271.107142857147
298,9244.77428571429
299,9258.911428571431
300,9232.02428571429
301,9279.912857142861
302,9271.410000000002
303,9189.040000000003
304,8942.120000000003
305,8700.96285714286
306,8502.731428571431
307,8358.750000000002
308,8172.095714285717
309,7988.954285714289
310,7887.810000000004
311,7981.83428571429
312,8056.851428571432
313,8076.750000000003
314,8098.311428571432
315,8105.691428571432
316,8155.988571428575
317,8200.487142857146
318,8270.12285714286
319,8351.408571428574
320,8352.708571428575
321,8330.121428571434
322,8270.012857142861
323,8245.170000000004
324,8227.831428571433
325,8180.107142857147
326,8151.421428571433
327,8169.142857142862
328,8183.321428571435
329,8210.402857142863
330,8220.777142857149
331,8226.602857142865
332,8203.712857142866
333,8213.728571428579
334,8242.400000000007
335,8444.244285714292
336,8727.822857142864
337,8983.191428571436
338,9267.574285714292
339,9579.082857142866
340,9825.78857142858
341,10067.885714285721
342,10146.322857142864
343,10185.342857142865
344,10235.147142857151
345,10259.92857142858
346,10284.317142857151
347,10284.50857142858
348,10271.698571428578
349,10279.100000000006
350,10290.410000000005
351,10307.67571428572
352,10301.48571428572
353,10322.840000000007
354,10381.224285714294
355,10455.100000000008
356,10460.36857142858
357,10366.625714285723
358,10242.567142857151
359,10140.54000000001
360,9988.247142857153
361,9867.387142857153
362,9805.925714285724
363,9810.532857142867
364,9870.205714285725
365,9948.33142857144
366,10063.332857142868
367,10149.252857142868
368,10209.477142857155
369,10291.685714285724
370,10369.298571428584
371,10392.74000000001
372,10404.407142857153
373,10396.12000000001
374,10423.841428571439
375,10410.67000000001
376,10429.555714285723
377,10498.204285714293
378,10675.802857142864
379,10831.98714285715
380,11053.194285714291
381,11296.88571428572
382,11571.83714285715
383,11655.977142857151
384,11717.794285714293
385,11629.11714285715
386,11558.76714285715
387,11365.018571428578
388,11132.90714285715
389,10862.264285714293
390,10589.76714285715
391,10258.172857142865
392,10059.931428571437
393,9868.454285714295
394,9768.490000000009
395,9697.75857142858
396,9652.43714285715
397,9693.965714285723
398,9812.918571428581
399,9962.620000000008
400,10143.150000000007
401,10240.334285714294
402,10347.09000000001
403,10333.467142857151
404,10272.70714285715
405,10343.90857142858
406,10284.584285714296
407,10372.517142857152
408,10551.507142857154
409,10653.754285714296
410,11002.39000000001
411,11445.792857142867
412,11645.775714285726
413,11821.784285714297
414,11807.60285714287
415,11695.247142857155
416,11667.072857142868
417,11643.020000000013
418,11400.08285714287
419,11169.558571428584
420,11090.68142857144
421,11183.058571428584
422,11387.330000000014
423,11413.661428571444
424,11578.490000000016
425,11718.205714285728
426,11779.871428571441
427,11787.295714285729
428,11619.634285714299
429,11299.524285714298
430,11040.542857142867
431,10492.212857142868
432,10100.88285714287
433,9851.935714285724
434,9572.97285714287
435,9298.572857142868
436,9082.878571428582
437,8897.367142857156
438,8736.245714285727
439,8565.295714285729
440,8375.122857142871
441,8185.808571428584
442,8055.08285714287
443,7959.4442857142985
444,7897.752857142869
445,7847.590000000012
446,7819.322857142869
447,7838.332857142869
448,7995.168571428584
449,8088.090000000012
450,8170.157142857155
451,8239.134285714299
452,8363.30285714287
453,8510.247142857155
454,8601.747142857153
455,8585.81142857144
456,8511.717142857155
457,8427.41285714287
458,8367.694285714297
459,8222.37285714287
460,8106.548571428583
461,7989.667142857155
462,7923.102857142869
463,7813.394285714297
464,7726.307142857155
465,7728.46142857144
466,7805.810000000011
467,7811.908571428582
468,7790.845714285724
469,7622.107142857153
470,7596.217142857154
471,7455.941428571439
472,7219.168571428583
473,6907.3714285714395
474,6607.197142857154
475,6315.35142857144
476,6145.110000000012
477,5967.000000000012
478,5881.194285714298
479,5778.864285714298
480,5692.565714285725
481,5617.490000000012
482,5544.682857142869
483,5477.811428571439
484,5401.560000000011
485,5336.047142857154
486,5297.051428571439
487,5301.594285714296
488,5326.237142857154
489,5343.237142857154
490,5335.897142857153
491,5335.331428571438
492,5327.414285714295
493,5332.92000000001
494,5302.608571428581
495,5256.952857142867
496,5209.4971428571525
497,5191.662857142867
498,5156.447142857154
499,5126.35142857144
500,5091.912857142868
501,5106.974285714297
502,5103.585714285726
503,5133.864285714298
504,5139.43142857144
505,5139.241428571439
506,5133.09000000001
507,5116.131428571438
508,5062.467142857152
509,5020.6514285714375
510,4864.602857142866
511,4712.271428571436
512,4578.425714285722
513,4449.611428571437
514,4325.204285714293
515,4197.411428571437
516,4067.5914285714366
517,4037.8142857142934
518,4021.8471428571506
519,4007.424285714293
520,3990.80714285715
521,3984.0685714285787
522,3984.781428571436
523,3994.350000000007
524,4001.7342857142935
525,4000.1571428571506
526,4000.1528571428644
527,3991.128571428579
528,3976.3400000000074
529,3951.0485714285787
530,3932.07714285715
531,3915.4771428571503
532,3906.288571428579
533,3897.2971428571504
534,3888.88714285715
535,3888.390000000007
536,3887.7957142857217
537,3884.224285714293
538,3861.894285714293
539,3846.3128571428642
540,3828.725714285721
541,3822.741428571436
542,3814.1771428571496
543,3807.9242857142926
544,3800.995714285721
545,3817.084285714293
546,3807.9142857142933
547,3850.4614285714365
548,3870.318571428579
549,3887.9785714285795
550,3909.645714285722
551,3923.7257142857225
552,3933.822857142865
553,3922.9685714285793
554,3851.6328571428644
555,3800.271428571436
556,3750.7357142857218
557,3699.258571428579
558,3659.782857142865
559,3621.5614285714364
560,3623.3442857142936
561,3630.025714285722
562,3638.107142857151
563,3610.6557142857223
564,3581.5085714285788
565,3558.670000000008
566,3534.6942857142935
567,3502.9871428571505
568,3480.071428571436
569,3451.9328571428646
570,3457.0328571428645
571,3464.57714285715
572,3455.9271428571506
573,3451.7742857142935
574,3465.021428571436
575,3473.661428571436
576,3488.4071428571506
577,3507.7671428571507
578,3521.2871428571502
579,3544.128571428579
580,3557.378571428579
581,3555.7271428571503
582,3570.0200000000073
583,3574.245714285721
584,3580.9014285714356
585,3586.475714285721
586,3583.9228571428644
587,3598.092857142864
588,3589.1685714285786
589,3577.4300000000076
590,3578.350000000008
591,3574.017142857151
592,3627.561428571437
593,3685.000000000008
594,3734.9085714285798
595,3807.8785714285796
596,3834.7114285714365
597,3861.9542857142937
598,3887.7971428571504
599,3872.3557142857217
600,3849.7857142857215
601,3810.850000000007
602,3784.322857142865
603,3773.5171428571507
604,3780.2671428571507
605,3751.857142857151
606,3740.3114285714364
607,3732.9757142857225
608,3776.5628571428647
609,3794.8200000000074
610,3831.0471428571504
611,3830.9614285714365
612,3899.7771428571505
613,3883.274285714294
614,3870.015714285722
615,3798.7400000000075
616,3698.5914285714357
617,3593.2785714285787
618,3505.4942857142933
619,3398.700000000008
620,3367.668571428579
621,3328.7271428571507
622,3317.8414285714366
623,3363.0842857142934
624,3391.5428571428647
625,3417.1685714285786
626,3446.6957142857214
627,3493.101428571436
628,3574.7085714285786
629,3639.1557142857214
630,3727.104285714293
631,3838.4028571428644
632,3929.5128571428645
633,4041.954285714293
634,4112.670000000007
635,4101.751428571436
636,4098.635714285721
637,4087.888571428578
638,4051.091428571435
639,4105.275714285721
640,4115.870000000006
641,4172.472857142864
642,4270.13714285715
643,4419.82714285715
644,4645.001428571436
645,4887.2657142857215
646,5063.741428571436
647,5261.370000000008
648,5441.561428571437
649,5712.818571428579
650,5933.252857142865
651,6045.79714285715
652,6160.762857142865
653,6269.912857142865
654,6373.690000000008
655,6467.411428571436
656,6476.190000000007
657,6478.464285714292
658,6483.6128571428635
659,6477.047142857149
660,6479.04571428572
661,6469.068571428577
662,6439.564285714291
663,6412.672857142863
664,6394.888571428578
665,6395.471428571435
666,6412.401428571435
667,6427.351428571434
668,6444.2214285714335
669,6471.874285714291
670,6503.680000000005
671,6537.49428571429
672,6551.805714285719
673,6563.63428571429
674,6562.241428571433
675,6575.222857142861
676,6600.278571428576
677,6629.672857142861
678,6654.14428571429
679,6618.320000000005
680,6581.82428571429
681,6548.842857142862
682,6496.517142857148
683,6480.818571428577
684,6466.152857142863
685,6454.797142857148
686,6494.214285714292
687,6531.548571428578
688,6579.782857142864
689,6628.512857142864
690,6611.227142857149
691,6592.5385714285785
692,6583.767142857149
693,6585.382857142863
694,6585.684285714291
695,6585.531428571434
696,6599.151428571434
697,6592.740000000005
698,6581.561428571434
699,6577.2442857142905
700,6588.877142857148
701,6606.972857142863
702,6624.750000000006
703,6596.588571428578
704,6586.127142857149
705,6570.257142857148
706,6522.728571428577
707,6493.728571428577
708,6464.001428571434
709,6423.660000000005
710,6423.0000000000055
711,6415.390000000006
712,6409.455714285721
713,6418.500000000006
714,6382.1871428571485
715,6335.057142857149
716,6323.472857142864
717,6327.562857142865
718,6379.188571428579
719,6531.210000000006
720,6667.070000000007
721,6817.241428571436
722,6962.235714285722
723,7050.188571428579
724,7117.164285714292
725,7164.481428571436
726,7124.060000000007
727,7073.434285714293
728,6987.432857142864
729,6920.808571428578
730,6873.727142857149
731,6808.037142857151
732,6712.275714285722
733,6627.11714285715
734,6533.71714285715
735,6501.935714285721
736,6452.552857142864
737,6438.674285714292
738,6408.208571428578
739,6394.818571428577
740,6353.11571428572
741,6351.902857142863
742,6327.731428571434
743,6305.501428571434
744,6242.57571428572
745,6273.724285714292
746,6276.272857142864
747,6352.270000000006
748,6450.622857142864
749,6552.888571428578
750,6663.958571428578
751,6846.068571428577
752,6988.342857142862
753,7176.854285714291
754,7321.264285714292
755,7498.278571428577
756,7667.822857142863
757,7841.422857142862
758,7951.392857142862
759,8007.720000000006
760,8089.300000000005
761,8184.487142857148
762,8119.785714285719
763,8003.184285714291
764,7885.147142857148
765,7763.570000000005
766,7698.742857142862
767,7585.351428571434
768,7431.094285714292
769,7288.571428571434
770,7139.745714285719
771,6975.918571428577
772,6815.495714285719
773,6641.832857142863
774,6498.428571428577
775,6352.638571428576
776,6343.891428571434
777,6395.190000000004
778,6467.331428571432
779,6523.790000000004
780,6563.594285714289
781,6593.438571428575
782,6624.431428571434
783,6617.741428571433
784,6566.985714285719
785,6514.570000000005
786,6455.732857142862
787,6359.2728571428615
788,6294.5228571428615
789,6231.225714285719
790,6179.327142857147
791,6147.921428571433
792,6113.622857142863
793,6091.777142857149
794,6215.3285714285785
795,6305.011428571435
796,6400.78714285715
797,6466.5671428571495
798,6511.230000000006
799,6558.944285714292
800,6608.0728571428635
801,6596.235714285722
802,6529.274285714293
803,6499.1014285714355
804,6521.892857142864
805,6566.94714285715
806,6710.911428571436
807,6884.41714285715
808,7035.145714285721
809,7230.297142857149
810,7386.725714285721
811,7474.582857142864
812,7610.192857142864
813,7631.378571428579
814,7619.602857142864
815,7590.164285714293
816,7549.752857142864
817,7526.365714285721
818,7470.937142857149
819,7417.327142857149
820,7373.602857142863
821,7364.458571428578
822,7377.315714285721
823,7395.314285714291
824,7469.002857142863
825,7652.180000000006
826,7821.892857142862
827,7950.397142857148
828,8062.227142857148
829,8128.862857142862
830,8247.155714285718
831,8316.425714285719
832,8356.725714285718
833,8378.54428571429
834,8411.751428571433
835,8434.63571428572
836,8571.884285714292
837,8711.88428571429
838,8815.53571428572
839,8915.772857142862
840,9055.672857142861
841,9255.395714285716
842,9443.108571428575
843,9549.937142857147
844,9541.057142857146
845,9524.474285714288
846,9507.475714285716
847,9473.188571428575
848,9399.474285714288
849,9285.382857142862
850,9216.240000000003
851,9162.261428571433
852,9240.620000000006
853,9196.048571428577
854,9105.765714285719
855,9043.952857142862
856,9035.61428571429
857,8894.47142857143
858,8794.901428571431
859,8547.048571428573
860,8422.89285714286
861,8361.175714285719
862,8230.275714285717
863,8090.337142857147
864,8039.622857142861
865,7865.450000000004
866,7716.718571428575
867,7533.547142857147
868,7342.547142857147
869,7184.945714285719
870,7002.657142857148
871,6838.0514285714335
872,6815.52428571429
873,6895.711428571433
874,6934.751428571433
875,6905.467142857147
876,6909.482857142862
877,6943.6028571428615
878,6989.228571428575
879,7153.9714285714335
880,7209.728571428576
881,7363.761428571433
882,7600.495714285718
883,7832.345714285718
884,8126.317142857147
885,8359.568571428576
886,8493.240000000003
887,8652.450000000003
888,8718.988571428576
889,8678.96571428572
890,8575.81428571429
891,8484.667142857146
892,8415.821428571431
893,8313.678571428576
894,8347.967142857147
895,8423.872857142862
896,8615.81285714286
897,8750.87285714286
898,8889.015714285717
899,9036.25285714286
900,9284.824285714289
901,9508.607142857145
902,9840.415714285717
903,10123.477142857146
904,10508.371428571432
905,10767.228571428574
906,11002.708571428575
907,11062.245714285717
908,11041.18285714286
909,10879.754285714287
910,10604.754285714287
911,10351.901428571431
912,10222.192857142858
913,10063.770000000002
914,10079.60428571429
915,10169.88285714286
916,10288.311428571431
917,10401.658571428574
918,10593.807142857146
919,10597.941428571432
920,10624.948571428573
921,10483.86142857143
922,10103.705714285714
923,9782.277142857143
924,9450.91285714286
925,9092.974285714286
926,8882.108571428573
927,8565.527142857145
928,8301.100000000002
929,8174.277142857146
930,7893.847142857146
931,7911.12285714286
932,8006.26285714286
933,8033.278571428576
934,8239.06428571429
935,8622.792857142862
936,8992.131428571432
937,9607.990000000003
938,10135.867142857145
939,10463.158571428574
940,10779.725714285716
941,11058.404285714289
942,11210.53142857143
943,11290.770000000004
944,11220.63428571429
945,11170.641428571433
946,11357.632857142862
947,11412.772857142862
948,11382.301428571433
949,11330.70142857143
950,11345.104285714287
951,11742.23
952,12020.085714285715
953,12221.522857142858
954,12545.098571428573
955,12870.357142857143
956,13430.114285714284
957,13930.114285714284
958,14124.772857142858
959,14506.921428571428
960,14915.462857142857
961,15375.517142857143
962,15635.625714285716
963,15637.4
964,15676.701428571429
965,15459.195714285714
966,15111.528571428571
967,14450.131428571427
968,14081.34714285714
969,13955.999999999996
970,14033.211428571425
971,14178.054285714283
972,14223.674285714282
973,14192.76571428571
974,14315.621428571425
975,14165.294285714283
976,14352.512857142854
977,14499.511428571424
978,14728.96714285714
979,15465.668571428569
980,16231.385714285712
981,17060.33714285714
982,17662.225714285716
983,17782.56
984,17717.461428571427
985,17582.431428571428
986,17258.391428571427
987,16692.67142857143
988,16057.444285714284
989,15820.325714285713
990,15858.042857142855
991,15503.294285714286
992,14839.00857142857
993,14123.441428571428
994,13589.93142857143
995,13051.922857142856
996,12323.778571428571
997,11358.058571428572
998,10806.320000000002
999,10548.721428571429
1000,10555.141428571429
1001,10626.220000000001
1002,10717.838571428572
1003,10870.775714285715
1004,11144.437142857143
1005,11466.884285714284
1006,11807.502857142856
1007,11848.511428571426
1008,11875.574285714285
1009,11908.317142857142
1010,11897.81
1011,11870.630000000001
1012,11791.640000000001
1013,11736.18142857143
1014,11703.42142857143
1015,11690.42285714286
1016,11666.664285714289
1017,11664.158571428574
1018,11689.955714285717
1019,11661.368571428573
1020,11565.210000000003
1021,11478.020000000002
1022,11483.7
1023,11446.73285714286
1024,11352.040000000005
1025,11259.985714285718
1026,11219.171428571432
1027,11192.050000000005
1028,11029.220000000005
1029,10729.112857142862
1030,10472.30428571429
1031,10258.541428571434
1032,10032.488571428577
1033,9815.878571428577
1034,9548.852857142861
1035,9445.631428571434
1036,9369.89714285715
1037,9315.11428571429
1038,9248.03571428572
1039,9202.241428571433
1040,9183.077142857148
1041,9194.768571428576
1042,9208.162857142863
1043,9217.270000000006
1044,9236.41571428572
1045,9250.517142857148
1046,9284.582857142863
1047,9284.802857142862
1048,9299.31428571429
1049,9265.980000000005
1050,9251.898571428577
1051,9219.030000000004
1052,9198.188571428576
1053,9169.037142857149
1054,9152.060000000007
1055,9130.39714285715
1056,9137.102857142863
1057,9119.465714285721
1058,9134.31571428572
1059,9157.59428571429
1060,9166.807142857147
1061,9236.284285714291
1062,9306.731428571435
1063,9332.208571428577
1064,9381.772857142863
1065,9402.91857142858
1066,9422.465714285721
1067,9446.558571428579
1068,9432.372857142864
1069,9395.277142857149
1070,9402.050000000007
1071,9418.391428571436
1072,9440.520000000008
1073,9425.38857142858
1074,9485.36857142858
1075,9520.631428571438
1076,9571.487142857151
1077,9629.32857142858
1078,9656.894285714296
1079,9679.184285714295
1080,9751.85000000001
1081,9720.598571428582
1082,9684.257142857154
1083,9744.080000000013
1084,9701.405714285725
1085,9705.894285714297
1086,9678.167142857154
1087,9647.714285714295
1088,9581.690000000008
1089,9484.995714285722
1090,9299.221428571438
1091,9195.231428571436
1092,9121.150000000007
1093,9084.42571428572
1094,9011.962857142864
1095,9055.871428571434
1096,9189.350000000008
1097,9308.432857142865
1098,9445.532857142865
1099,9474.407142857151
1100,9495.324285714294
1101,9598.657142857151
1102,9569.791428571438
1103,9431.97142857144
1104,9264.484285714298
1105,9127.73142857144
1106,9150.321428571438
1107,9219.405714285724
1108,9247.18000000001
1109,9223.401428571438
1110,9253.550000000008
1111,9297.898571428579
1112,9322.382857142864
1113,9241.332857142865
1114,9102.325714285722
1115,8907.125714285723
1116,8855.075714285722
1117,8671.811428571436
1118,8515.048571428579
1119,8343.468571428577
1120,8138.700000000005
1121,7949.848571428577
1122,7787.332857142863
1123,7551.128571428577
1124,7422.898571428576
1125,7287.5000000000055
1126,7205.734285714291
1127,7164.295714285719
1128,7096.088571428577
1129,7041.738571428577
1130,6969.752857142863
1131,6973.657142857148
1132,6975.240000000005
1133,6944.247142857149
1134,6891.137142857149
1135,6867.047142857148
1136,6892.990000000005
1137,6998.7100000000055
1138,7045.65571428572
1139,7115.940000000007
1140,7097.224285714292
1141,7094.390000000006
1142,7076.558571428577
1143,7006.637142857149
1144,6904.014285714292
1145,6791.602857142863
1146,6657.957142857149
1147,6530.620000000005
1148,6442.000000000006
1149,6388.430000000007
1150,6380.32571428572
1151,6385.25571428572
1152,6433.010000000007
1153,6443.428571428578
1154,6434.110000000007
1155,6427.014285714292
1156,6405.478571428577
1157,6323.337142857149
1158,6139.852857142863
1159,5935.270000000006
1160,5729.792857142864
1161,5664.808571428578
1162,5519.820000000007
1163,5429.854285714292
1164,5235.230000000006
1165,5598.298571428578
1166,5967.144285714292
1167,6381.558571428578
1168,6763.274285714292
1169,7293.931428571435
1170,7801.542857142864
1171,8409.354285714293
1172,8525.975714285722
1173,8649.620000000008
1174,8790.387142857151
1175,8861.611428571438
1176,8809.74714285715
1177,8747.03714285715
1178,8713.970000000008
1179,8718.881428571438
1180,8798.277142857152
1181,8904.11857142858
1182,9104.764285714296
1183,9265.800000000012
1184,9406.39142857144
1185,9516.85000000001
1186,9632.355714285726
1187,9753.622857142867
1188,9760.747142857153
1189,9758.014285714296
1190,9794.280000000012
1191,9889.610000000011
1192,9980.068571428583
1193,10084.735714285725
1194,10093.074285714296
1195,10113.907142857153
1196,10147.404285714296
1197,10146.022857142869
1198,10070.218571428582
1199,10004.842857142867
1200,9902.782857142867
1201,9756.202857142867
1202,9676.261428571439
1203,9559.084285714296
1204,9486.164285714296
1205,9420.33000000001
1206,9383.360000000011
1207,9339.001428571439
1208,9364.314285714296
1209,9309.36142857144
1210,9207.002857142868
1211,9057.855714285726
1212,8927.300000000012
1213,8768.915714285726
1214,8680.462857142868
1215,8589.294285714297
1216,8551.405714285725
1217,8563.79142857144
1218,8645.988571428583
1219,8713.74285714287
1220,8758.812857142868
1221,8778.677142857154
1222,8789.245714285726
1223,8713.244285714296
1224,8639.427142857154
1225,8511.434285714296
1226,8409.11142857144
1227,8280.21857142858
1228,8170.871428571438
1229,8075.910000000009
1230,8025.575714285723
1231,7907.542857142866
1232,7812.414285714294
1233,7690.6914285714365
1234,7568.9700000000075
1235,7446.808571428578
1236,7311.087142857149
1237,7237.944285714292
1238,7242.157142857149
1239,7236.732857142863
1240,7223.844285714292
1241,7257.600000000006
1242,7258.140000000006
1243,7266.7885714285785
1244,7276.944285714292
1245,7293.115714285721
1246,7266.91714285715
1247,7257.358571428579
1248,7249.972857142865
1249,7260.4300000000085
1250,7170.151428571437
1251,7109.3842857142945
1252,7054.6914285714365
1253,7044.877142857151
1254,7054.9700000000075
1255,7061.795714285721
1256,7052.105714285722
1257,7137.864285714292
1258,7201.710000000006
1259,7257.641428571435
1260,7318.235714285721
1261,7356.662857142864
1262,7383.9371428571485
1263,7381.697142857149
1264,7391.494285714291
1265,7385.157142857149
1266,7368.12571428572
1267,7375.794285714292
1268,7406.110000000006
1269,7410.4657142857195
1270,7455.351428571435
1271,7435.841428571434
1272,7409.454285714292
1273,7339.79571428572
1274,7306.892857142863
1275,7239.542857142863
1276,7269.292857142863
1277,7353.5057142857195
1278,7493.148571428576
1279,7647.091428571433
1280,7875.537142857148
1281,8044.030000000006
1282,8215.958571428579
1283,8361.521428571436
1284,8458.537142857149
1285,8556.865714285721
1286,8634.880000000006
1287,8711.604285714293
1288,8757.088571428578
1289,8800.231428571435
1290,8881.591428571433
1291,8961.867142857147
1292,9031.398571428575
1293,9125.695714285717
1294,9147.87285714286
1295,9216.460000000003
1296,9281.871428571432
1297,9271.107142857147
1298,9244.77428571429
1299,9258.911428571431
1300,9232.02428571429
1301,9279.912857142861
1302,9271.410000000002
1303,9189.040000000003
1304,8942.120000000003
1305,8700.96285714286
1306,8502.731428571431
1307,8358.750000000002
1308,8172.095714285717
1309,7988.954285714289
1310,7887.810000000004
1311,7981.83428571429
1312,8056.851428571432
1313,8076.750000000003
1314,8098.311428571432
1315,8105.691428571432
1316,8155.988571428575
1317,8200.487142857146
1318,8270.12285714286
1319,8351.408571428574
1320,8352.708571428575
1321,8330.121428571434
1322,8270.012857142861
1323,8245.170000000004
1324,8227.831428571433
1325,8180.107142857147
1326,8151.421428571433
1327,8169.142857142862
1328,8183.321428571435
1329,8210.402857142863
1330,8220.777142857149
1331,8226.602857142865
1332,8203.712857142866
1333,8213.728571428579
1334,8242.400000000007
1335,8444.244285714292
1336,8727.822857142864
1337,8983.191428571436
1338,9267.574285714292
1339,9579.082857142866
1340,9825.78857142858
1341,10067.885714285721
1342,10146.322857142864
1343,10185.342857142865
1344,10235.147142857151
1345,10259.92857142858
1346,10284.317142857151
1347,10284.50857142858
1348,10271.698571428578
1349,10279.100000000006
1350,10290.410000000005
1351,10307.67571428572
1352,10301.48571428572
1353,10322.840000000007
1354,10381.224285714294
1355,10455.100000000008
1356,10460.36857142858
1357,10366.625714285723
1358,10242.567142857151
1359,10140.54000000001
1360,9988.247142857153
1361,9867.387142857153
1362,9805.925714285724
1363,9810.532857142867
1364,9870.205714285725
1365,9948.33142857144
1366,10063.332857142868
1367,10149.252857142868
1368,10209.477142857155
1369,10291.685714285724
1370,10369.298571428584
1371,10392.74000000001
1372,10404.407142857153
1373,10396.12000000001
1374,10423.841428571439
1375,10410.67000000001
1376,10429.555714285723
1377,10498.204285714293
1378,10675.802857142864
1379,10831.98714285715
1380,11053.194285714291
1381,11296.88571428572
1382,11571.83714285715
1383,11655.977142857151
1384,11717.794285714293
1385,11629.11714285715
1386,11558.76714285715
1387,11365.018571428578
1388,11132.90714285715
1389,10862.264285714293
1390,10589.76714285715
1391,10258.172857142865
1392,10059.931428571437
1393,9868.454285714295
1394,9768.490000000009
1395,9697.75857142858
1396,9652.43714285715
1397,9693.965714285723
1398,9812.918571428581
1399,9962.620000000008
1400,10143.150000000007
1401,10240.334285714294
1402,10347.09000000001
1403,10333.467142857151
1404,10272.70714285715
1405,10343.90857142858
1406,10284.584285714296
1407,10372.517142857152
1408,10551.507142857154
1409,10653.754285714296
1410,11002.39000000001
1411,11445.792857142867
1412,11645.775714285726
1413,11821.784285714297
1414,11807.60285714287
1415,11695.247142857155
1416,11667.072857142868
1417,11643.020000000013
1418,11400.08285714287
1419,11169.558571428584
1420,11090.68142857144
1421,11183.058571428584
1422,11387.330000000014
1423,11413.661428571444
1424,11578.490000000016
1425,11718.205714285728
1426,11779.871428571441
1427,11787.295714285729
1428,11619.634285714299
1429,11299.524285714298
1430,11040.542857142867
1431,10492.212857142868
1432,10100.88285714287
1433,9851.935714285724
1434,9572.97285714287
1435,9298.572857142868
1436,9082.878571428582
1437,8897.367142857156
1438,8736.245714285727
1439,8565.295714285729
1440,8375.122857142871
1441,8185.808571428584
1442,8055.08285714287
1443,7959.4442857142985
1444,7897.752857142869
1445,7847.590000000012
1446,7819.322857142869
1447,7838.332857142869
1448,7995.168571428584
1449,8088.090000000012
1450,8170.157142857155
1451,8239.134285714299
1452,8363.30285714287
1453,8510.247142857155
1454,8601.747142857153
1455,8585.81142857144
1456,8511.717142857155
1457,8427.41285714287
1458,8367.694285714297
1459,8222.37285714287
1460,8106.548571428583
1461,7989.667142857155
1462,7923.102857142869
1463,7813.394285714297
1464,7726.307142857155
1465,7728.46142857144
1466,7805.810000000011
1467,7811.908571428582
1468,7790.845714285724
1469,7622.107142857153
1470,7596.217142857154
1471,7455.941428571439
1472,7219.168571428583
1473,6907.3714285714395
1474,6607.197142857154
1475,6315.35142857144
1476,6145.110000000012
1477,5967.000000000012
1478,5881.194285714298
1479,5778.864285714298
1480,5692.565714285725
1481,5617.490000000012
1482,5544.682857142869
1483,5477.811428571439
1484,5401.560000000011
1485,5336.047142857154
1486,5297.051428571439
1487,5301.594285714296
1488,5326.237142857154
1489,5343.237142857154
1490,5335.897142857153
1491,5335.331428571438
1492,5327.414285714295
1493,5332.92000000001
1494,5302.608571428581
1495,5256.952857142867
1496,5209.4971428571525
1497,5191.662857142867
1498,5156.447142857154
1499,5126.35142857144
1500,5091.912857142868
1501,5106.974285714297
1502,5103.585714285726
1503,5133.864285714298
1504,5139.43142857144
1505,5139.241428571439
1506,5133.09000000001
1507,5116.131428571438
1508,5062.467142857152
1509,5020.6514285714375
1510,4864.602857142866
1511,4712.271428571436
1512,4578.425714285722
1513,4449.611428571437
1514,4325.204285714293
1515,4197.411428571437
1516,4067.5914285714366
1517,4037.8142857142934
1518,4021.8471428571506
1519,4007.424285714293
1520,3990.80714285715
1521,3984.0685714285787
1522,3984.781428571436
1523,3994.350000000007
1524,4001.7342857142935
1525,4000.1571428571506
1526,4000.1528571428644
1527,3991.128571428579
1528,3976.3400000000074
1529,3951.0485714285787
1530,3932.07714285715
1531,3915.4771428571503
1532,3906.288571428579
1533,3897.2971428571504
1534,3888.88714285715
1535,3888.390000000007
1536,3887.7957142857217
1537,3884.224285714293
1538,3861.894285714293
1539,3846.3128571428642
1540,3828.725714285721
1541,3822.741428571436
1542,3814.1771428571496
1543,3807.9242857142926
1544,3800.995714285721
1545,3817.084285714293
1546,3807.9142857142933
1547,3850.4614285714365
1548,3870.318571428579
1549,3887.9785714285795
1550,3909.645714285722
1551,3923.7257142857225
1552,3933.822857142865
1553,3922.9685714285793
1554,3851.6328571428644
1555,3800.271428571436
1556,3750.7357142857218
1557,3699.258571428579
1558,3659.782857142865
1559,3621.5614285714364
1560,3623.3442857142936
1561,3630.025714285722
1562,3638.107142857151
1563,3610.6557142857223
1564,3581.5085714285788
1565,3558.670000000008
1566,3534.6942857142935
1567,3502.9871428571505
1568,3480.071428571436
1569,3451.9328571428646
1570,3457.0328571428645
1571,3464.57714285715
1572,3455.9271428571506
1573,3451.7742857142935
1574,3465.021428571436
1575,3473.661428571436
1576,3488.4071428571506
1577,3507.7671428571507
1578,3521.2871428571502
1579,3544.128571428579
1580,3557.378571428579
1581,3555.7271428571503
1582,3570.0200000000073
1583,3574.245714285721
1584,3580.9014285714356
1585,3586.475714285721
1586,3583.9228571428644
1587,3598.092857142864
1588,3589.1685714285786
1589,3577.4300000000076
1590,3578.350000000008
1591,3574.017142857151
1592,3627.561428571437
1593,3685.000000000008
1594,3734.9085714285798
1595,3807.8785714285796
1596,3834.7114285714365
1597,3861.9542857142937
1598,3887.7971428571504
1599,3872.3557142857217
1600,3849.7857142857215
1601,3810.850000000007
1602,3784.322857142865
1603,3773.5171428571507
1604,3780.2671428571507
1605,3751.857142857151
1606,3740.3114285714364
1607,3732.9757142857225
1608,3776.5628571428647
1609,3794.8200000000074
1610,3831.0471428571504
1611,3830.9614285714365
1612,3899.7771428571505
1613,3883.274285714294
1614,3870.015714285722
1615,3798.7400000000075
1616,3698.5914285714357
1617,3593.2785714285787
1618,3505.4942857142933
1619,3398.700000000008
1620,3367.668571428579
1621,3328.7271428571507
1622,3317.8414285714366
1623,3363.0842857142934
1624,3391.5428571428647
1625,3417.1685714285786
1626,3446.6957142857214
1627,3493.101428571436
1628,3574.7085714285786
1629,3639.1557142857214
1630,3727.104285714293
1631,3838.4028571428644
1632,3929.5128571428645
1633,4041.954285714293
1634,4112.670000000007
1635,4101.751428571436
1636,4098.635714285721
1637,4087.888571428578
1638,4051.091428571435
1639,4105.275714285721
1640,4115.870000000006
1641,4172.472857142864
1642,4270.13714285715
1643,4419.82714285715
1644,4645.001428571436
1645,4887.2657142857215
1646,5063.741428571436
1647,5261.370000000008
1648,5441.561428571437
1649,5712.818571428579
1650,5933.252857142865
1651,6045.79714285715
1652,6160.762857142865
1653,6269.912857142865
1654,6373.690000000008
1655,6467.411428571436
1656,6476.190000000007
1657,6478.464285714292
1658,6483.6128571428635
1659,6477.047142857149
1660,6479.04571428572
1661,6469.068571428577
1662,6439.564285714291
1663,6412.672857142863
1664,6394.888571428578
1665,6395.471428571435
1666,6412.401428571435
1667,6427.351428571434
1668,6444.2214285714335
1669,6471.874285714291
1670,6503.680000000005
1671,6537.49428571429
1672,6551.805714285719
1673,6563.63428571429
1674,6562.241428571433
1675,6575.222857142861
1676,6600.278571428576
1677,6629.672857142861
1678,6654.14428571429
1679,6618.320000000005
1680,6581.82428571429
1681,6548.842857142862
1682,6496.517142857148
1683,6480.818571428577
1684,6466.152857142863
1685,6454.797142857148
1686,6494.214285714292
1687,6531.548571428578
1688,6579.782857142864
1689,6628.512857142864
1690,6611.227142857149
1691,6592.5385714285785
1692,6583.767142857149
1693,6585.382857142863
1694,6585.684285714291
1695,6585.531428571434
1696,6599.151428571434
1697,6592.740000000005
1698,6581.561428571434
1699,6577.2442857142905
1700,6588.877142857148
1701,6606.972857142863
1702,6624.750000000006
1703,6596.588571428578
1704,6586.127142857149
1705,6570.257142857148
1706,6522.728571428577
1707,6493.728571428577
1708,6464.001428571434
1709,6423.660000000005
1710,6423.0000000000055
1711,6415.390000000006
1712,6409.455714285721
1713,6418.500000000006
1714,6382.1871428571485
1715,6335.057142857149
1716,6323.472857142864
1717,6327.562857142865
1718,6379.188571428579
1719,6531.210000000006
1720,6667.070000000007
1721,6817.241428571436
1722,6962.235714285722
1723,7050.188571428579
1724,7117.164285714292
1725,7164.481428571436
1726,7124.060000000007
1727,7073.434285714293
1728,6987.432857142864
1729,6920.808571428578
1730,6873.727142857149
1731,6808.037142857151
1732,6712.275714285722
1733,6627.11714285715
1734,6533.71714285715
1735,6501.935714285721
1736,6452.552857142864
1737,6438.674285714292
1738,6408.208571428578
1739,6394.818571428577
1740,6353.11571428572
1741,6351.902857142863
1742,6327.731428571434
1743,6305.501428571434
1744,6242.57571428572
1745,6273.724285714292
1746,6276.272857142864
1747,6352.270000000006
1748,6450.622857142864
1749,6552.888571428578
1750,6663.958571428578
1751,6846.068571428577
1752,6988.342857142862
1753,7176.854285714291
1754,7321.264285714292
1755,7498.278571428577
1756,7667.822857142863
1757,7841.422857142862
1758,7951.392857142862
1759,8007.720000000006
1760,8089.300000000005
1761,8184.487142857148
1762,8119.785714285719
1763,8003.184285714291
1764,7885.147142857148
1765,7763.570000000005
1766,7698.742857142862
1767,7585.351428571434
1768,7431.094285714292
1769,7288.571428571434
1770,7139.745714285719
1771,6975.918571428577
1772,6815.495714285719
1773,6641.832857142863
1774,6498.428571428577
1775,6352.638571428576
1776,6343.891428571434
1777,6395.190000000004
1778,6467.331428571432
1779,6523.790000000004
1780,6563.594285714289
1781,6593.438571428575
1782,6624.431428571434
1783,6617.741428571433
1784,6566.985714285719
1785,6514.570000000005
1786,6455.732857142862
1787,6359.2728571428615
1788,6294.5228571428615
1789,6231.225714285719
1790,6179.327142857147
1791,6147.921428571433
1792,6113.622857142863
1793,6091.777142857149
1794,6215.3285714285785
1795,6305.011428571435
1796,6400.78714285715
1797,6466.5671428571495
1798,6511.230000000006
1799,6558.944285714292
1800,6608.0728571428635
1801,6596.235714285722
1802,6529.274285714293
1803,6499.1014285714355
1804,6521.892857142864
1805,6566.94714285715
1806,6710.911428571436
1807,6884.41714285715
1808,7035.145714285721
1809,7230.297142857149
1810,7386.725714285721
1811,7474.582857142864
1812,7610.192857142864
1813,7631.378571428579
1814,7619.602857142864
1815,7590.164285714293
1816,7549.752857142864
1817,7526.365714285721
1818,7470.937142857149
1819,7417.327142857149
1820,7373.602857142863
1821,7364.458571428578
1822,7377.315714285721
1823,7395.314285714291
1824,7469.002857142863
1825,7652.180000000006
1826,7821.892857142862
1827,7950.397142857148
1828,8062.227142857148
1829,8128.862857142862
1830,8247.155714285718
1831,8316.425714285719
1832,8356.725714285718
1833,8378.54428571429
1834,8411.751428571433
1835,8434.63571428572
1836,8571.884285714292
1837,8711.88428571429
1838,8815.53571428572
1839,8915.772857142862
1840,9055.672857142861
1841,9255.395714285716
1842,9443.108571428575
1843,9549.937142857147
1844,9541.057142857146
1845,9524.474285714288
1846,9507.475714285716
1847,9473.188571428575
1848,9399.474285714288
1849,9285.382857142862
1850,9216.240000000003
1851,9162.261428571433
1852,9240.620000000006
1853,9196.048571428577
1854,9105.765714285719
1855,9043.952857142862
1856,9035.61428571429
1857,8894.47142857143
1858,8794.901428571431
1859,8547.048571428573
1860,8422.89285714286
1861,8361.175714285719
1862,8230.275714285717
1863,8090.337142857147
1864,8039.622857142861
1865,7865.450000000004
1866,7716.718571428575
1867,7533.547142857147
1868,7342.547142857147
1869,7184.945714285719
1870,7002.657142857148
1871,6838.0514285714335
1872,6815.52428571429
1873,6895.711428571433
1874,6934.751428571433
1875,6905.467142857147
1876,6909.482857142862
1877,6943.6028571428615
1878,6989.228571428575
1879,7153.9714285714335
1880,7209.728571428576
1881,7363.761428571433
1882,7600.495714285718
1883,7832.345714285718
1884,8126.317142857147
1885,8359.568571428576
1886,8493.240000000003
1887,8652.450000000003
1888,8718.988571428576
1889,8678.96571428572
1890,8575.81428571429
1891,8484.667142857146
1892,8415.821428571431
1893,8313.678571428576
1894,8347.967142857147
1895,8423.872857142862
1896,8615.81285714286
1897,8750.87285714286
1898,8889.015714285717
1899,9036.25285714286
1900,9284.824285714289
1901,9508.607142857145
1902,9840.415714285717
1903,10123.477142857146
1904,10508.371428571432
1905,10767.228571428574
1906,11002.708571428575
1907,11062.245714285717
1908,11041.18285714286
1909,10879.754285714287
1910,10604.754285714287
1911,10351.901428571431
1912,10222.192857142858
1913,10063.770000000002
1914,10079.60428571429
1915,10169.88285714286
1916,10288.311428571431
1917,10401.658571428574
1918,10593.807142857146
1919,10597.941428571432
1920,10624.948571428573
1921,10483.86142857143
1922,10103.705714285714
1923,9782.277142857143
1924,9450.91285714286
1925,9092.974285714286
1926,8882.108571428573
1927,8565.527142857145
1928,8301.100000000002
1929,8174.277142857146
1930,7893.847142857146
1931,7911.12285714286
1932,8006.26285714286
1933,8033.278571428576
1934,8239.06428571429
1935,8622.792857142862
1936,8992.131428571432
1937,9607.990000000003
1938,10135.867142857145
1939,10463.158571428574
1940,10779.725714285716
1941,11058.404285714289
1942,11210.53142857143
1943,11290.770000000004
1944,11220.63428571429
1945,11170.641428571433
1946,11357.632857142862
1947,11412.772857142862
1948,11382.301428571433
1949,11330.70142857143
1950,11345.104285714287
1951,11742.23
1952,12020.085714285715
1953,12221.522857142858
1954,12545.098571428573
1955,12870.357142857143
1956,13430.114285714284
1957,13930.114285714284
1958,14124.772857142858
1959,14506.921428571428
1960,14915.462857142857
1961,15375.517142857143
1962,15635.625714285716
1963,15637.4
1964,15676.701428571429
1965,15459.195714285714
1966,15111.528571428571
1967,14450.131428571427
1968,14081.34714285714
1969,13955.999999999996
1970,14033.211428571425
1971,14178.054285714283
1972,14223.674285714282
1973,14192.76571428571
1974,14315.621428571425
1975,14165.294285714283
1976,14352.512857142854
1977,14499.511428571424
1978,14728.96714285714
1979,15465.668571428569
1980,16231.385714285712
1981,17060.33714285714
1982,17662.225714285716
1983,17782.56
1984,17717.461428571427
1985,17582.431428571428
1986,17258.391428571427
1987,16692.67142857143
1988,16057.444285714284
1989,15820.325714285713
1990,15858.042857142855
1991,15503.294285714286
1992,14839.00857142857
1993,14123.441428571428
1994,13589.93142857143
1995,13051.922857142856
1996,12323.778571428571
1997,11358.058571428572
1998,10806.320000000002
1999,10548.721428571429
2000,10555.141428571429
2001,10626.220000000001
2002,10717.838571428572
2003,10870.775714285715
2004,11144.437142857143
2005,11466.884285714284
2006,11807.502857142856
2007,11848.511428571426
2008,11875.574285714285
2009,11908.317142857142
2010,11897.81
2011,11870.630000000001
2012,11791.640000000001
2013,11736.18142857143
2014,11703.42142857143
2015,11690.42285714286
2016,11666.664285714289
2017,11664.158571428574
2018,11689.955714285717
2019,11661.368571428573
2020,11565.210000000003
2021,11478.020000000002
2022,11483.7
2023,11446.73285714286
2024,11352.040000000005
2025,11259.985714285718
2026,11219.171428571432
2027,11192.050000000005
2028,11029.220000000005
2029,10729.112857142862
2030,10472.30428571429
2031,10258.541428571434
2032,10032.488571428577
2033,9815.878571428577
2034,9548.852857142861
2035,9445.631428571434
2036,9369.89714285715
2037,9315.11428571429
2038,9248.03571428572
2039,9202.241428571433
2040,9183.077142857148
2041,9194.768571428576
2042,9208.162857142863
2043,9217.270000000006
2044,9236.41571428572
2045,9250.517142857148
2046,9284.582857142863
2047,9284.802857142862
2048,9299.31428571429
2049,9265.980000000005
2050,9251.898571428577
2051,9219.030000000004
2052,9198.188571428576
2053,9169.037142857149
2054,9152.060000000007
2055,9130.39714285715
2056,9137.102857142863
2057,9119.465714285721
2058,9134.31571428572
2059,9157.59428571429
2060,9166.807142857147
2061,9236.284285714291
2062,9306.731428571435
2063,9332.208571428577
2064,9381.772857142863
2065,9402.91857142858
2066,9422.465714285721
2067,9446.558571428579
2068,9432.372857142864
2069,9395.277142857149
2070,9402.050000000007
2071,9418.391428571436
2072,9440.520000000008
2073,9425.38857142858
2074,9485.36857142858
2075,9520.631428571438
2076,9571.487142857151
2077,9629.32857142858
2078,9656.894285714296
2079,9679.184285714295
2080,9751.85000000001
2081,9720.598571428582
2082,9684.257142857154
2083,9744.080000000013
2084,9701.405714285725
2085,9705.894285714297
2086,9678.167142857154
2087,9647.714285714295
2088,9581.690000000008
2089,9484.995714285722
2090,9299.221428571438
2091,9195.231428571436
2092,9121.150000000007
2093,9084.42571428572
2094,9011.962857142864
2095,9055.871428571434
2096,9189.350000000008
2097,9308.432857142865
2098,9445.532857142865
2099,9474.407142857151
2100,9495.324285714294
2101,9598.657142857151
2102,9569.791428571438
2103,9431.97142857144
2104,9264.484285714298
2105,9127.73142857144
2106,9150.321428571438
2107,9219.405714285724
2108,9247.18000000001
2109,9223.401428571438
2110,9253.550000000008
2111,9297.898571428579
2112,9322.382857142864
2113,9241.332857142865
2114,9102.325714285722
2115,8907.125714285723
2116,8855.075714285722
2117,8671.811428571436
2118,8515.048571428579
2119,8343.468571428577
2120,8138.700000000005
2121,7949.848571428577
2122,7787.332857142863
2123,7551.128571428577
2124,7422.898571428576
2125,7287.5000000000055
2126,7205.734285714291
2127,7164.295714285719
2128,7096.088571428577
2129,7041.738571428577
2130,6969.752857142863
2131,6973.657142857148
2132,6975.240000000005
2133,6944.247142857149
2134,6891.137142857149
2135,6867.047142857148
2136,6892.990000000005
2137,6998.7100000000055
2138,7045.65571428572
2139,7115.940000000007
2140,7097.224285714292
2141,7094.390000000006
2142,7076.558571428577
2143,7006.637142857149
2144,6904.014285714292
2145,6791.602857142863
2146,6657.957142857149
2147,6530.620000000005
2148,6442.000000000006
2149,6388.430000000007
2150,6380.32571428572
2151,6385.25571428572
2152,6433.010000000007
2153,6443.428571428578
2154,6434.110000000007
2155,6427.014285714292
2156,6405.478571428577
2157,6323.337142857149
2158,6139.852857142863
2159,5935.270000000006
2160,5729.792857142864
2161,5664.808571428578
2162,5519.820000000007
2163,5429.854285714292
2164,5235.230000000006
2165,5598.298571428578
2166,5967.144285714292
2167,6381.558571428578
2168,6763.274285714292
2169,7293.931428571435
2170,7801.542857142864
2171,8409.354285714293
2172,8525.975714285722
2173,8649.620000000008
2174,8790.387142857151
2175,8861.611428571438
2176,8809.74714285715
2177,8747.03714285715
2178,8713.970000000008
2179,8718.881428571438
2180,8798.277142857152
2181,8904.11857142858
2182,9104.764285714296
2183,9265.800000000012
2184,9406.39142857144
2185,9516.85000000001
2186,9632.355714285726
2187,9753.622857142867
2188,9760.747142857153
2189,9758.014285714296
2190,9794.280000000012
2191,9889.610000000011
2192,9980.068571428583
2193,10084.735714285725
2194,10093.074285714296
2195,10113.907142857153
2196,10147.404285714296
2197,10146.022857142869
2198,10070.218571428582
2199,10004.842857142867
2200,9902.782857142867
2201,9756.202857142867
2202,9676.261428571439
2203,9559.084285714296
2204,9486.164285714296
2205,9420.33000000001
2206,9383.360000000011
2207,9339.001428571439
2208,9364.314285714296
2209,9309.36142857144
2210,9207.002857142868
2211,9057.855714285726
2212,8927.300000000012
2213,8768.915714285726
2214,8680.462857142868
2215,8589.294285714297
2216,8551.405714285725
2217,8563.79142857144
2218,8645.988571428583
2219,8713.74285714287
2220,8758.812857142868
2221,8778.677142857154
2222,8789.245714285726
2223,8713.244285714296
2224,8639.427142857154
2225,8511.434285714296
2226,8409.11142857144
2227,8280.21857142858
2228,8170.871428571438
2229,8075.910000000009
2230,8025.575714285723
2231,7907.542857142866
2232,7812.414285714294
2233,7690.6914285714365
2234,7568.9700000000075
2235,7446.808571428578
2236,7311.087142857149
2237,7237.944285714292
2238,7242.157142857149
2239,7236.732857142863
2240,7223.844285714292
2241,7257.600000000006
2242,7258.140000000006
2243,7266.7885714285785
2244,7276.944285714292
2245,7293.115714285721
2246,7266.91714285715
2247,7257.358571428579
2248,7249.972857142865
2249,7260.4300000000085
2250,7170.151428571437
2251,7109.3842857142945
2252,7054.6914285714365
2253,7044.877142857151
2254,7054.9700000000075
2255,7061.795714285721
2256,7052.105714285722
2257,7137.864285714292
2258,7201.710000000006
2259,7257.641428571435
2260,7318.235714285721
2261,7356.662857142864
2262,7383.9371428571485
2263,7381.697142857149
2264,7391.494285714291
2265,7385.157142857149
2266,7368.12571428572
2267,7375.794285714292
2268,7406.110000000006
2269,7410.4657142857195
2270,7455.351428571435
2271,7435.841428571434
2272,7409.454285714292
2273,7339.79571428572
2274,7306.892857142863
2275,7239.542857142863
2276,7269.292857142863
2277,7353.5057142857195
2278,7493.148571428576
2279,7647.091428571433
2280,7875.537142857148
2281,8044.030000000006
2282,8215.958571428579
2283,8361.521428571436
2284,8458.537142857149
2285,8556.865714285721
2286,8634.880000000006
2287,8711.604285714293
2288,8757.088571428578
2289,8800.231428571435
2290,8881.591428571433
2291,8961.867142857147
2292,9031.398571428575
2293,9125.695714285717
2294,9147.87285714286
2295,9216.460000000003
2296,9281.871428571432
2297,9271.107142857147
2298,9244.77428571429
2299,9258.911428571431
2300,9232.02428571429
2301,9279.912857142861
2302,9271.410000000002
2303,9189.040000000003
2304,8942.120000000003
2305,8700.96285714286
2306,8502.731428571431
2307,8358.750000000002
2308,8172.095714285717
2309,7988.954285714289
2310,7887.810000000004
2311,7981.83428571429
2312,8056.851428571432
2313,8076.750000000003
2314,8098.311428571432
2315,8105.691428571432
2316,8155.988571428575
2317,8200.487142857146
2318,8270.12285714286
2319,8351.408571428574
2320,8352.708571428575
2321,8330.121428571434
2322,8270.012857142861
2323,8245.170000000004
2324,8227.831428571433
2325,8180.107142857147
2326,8151.421428571433
2327,8169.142857142862
2328,8183.321428571435
2329,8210.402857142863
2330,8220.777142857149
2331,8226.602857142865
2332,8203.712857142866
2333,8213.728571428579
2334,8242.400000000007
2335,8444.244285714292
2336,8727.822857142864
2337,8983.191428571436
2338,9267.574285714292
2339,9579.082857142866
2340,9825.78857142858
2341,10067.885714285721
2342,10146.322857142864
2343,10185.342857142865
2344,10235.147142857151
2345,10259.92857142858
2346,10284.317142857151
2347,10284.50857142858
2348,10271.698571428578
2349,10279.100000000006
2350,10290.410000000005
2351,10307.67571428572
2352,10301.48571428572
2353,10322.840000000007
2354,10381.224285714294
2355,10455.100000000008
2356,10460.36857142858
2357,10366.625714285723
2358,10242.567142857151
2359,10140.54000000001
2360,9988.247142857153
2361,9867.387142857153
2362,9805.925714285724
2363,9810.532857142867
2364,9870.205714285725
2365,9948.33142857144
2366,10063.332857142868
2367,10149.252857142868
2368,10209.477142857155
2369,10291.685714285724
2370,10369.298571428584
2371,10392.74000000001
2372,10404.407142857153
2373,10396.12000000001
2374,10423.841428571439
2375,10410.67000000001
2376,10429.555714285723
2377,10498.204285714293
2378,10675.802857142864
2379,10831.98714285715
2380,11053.194285714291
2381,11296.88571428572
2382,11571.83714285715
2383,11655.977142857151
2384,11717.794285714293
2385,11629.11714285715
2386,11558.76714285715
2387,11365.018571428578
2388,11132.90714285715
2389,10862.264285714293
2390,10589.76714285715
2391,10258.172857142865
2392,10059.931428571437
2393,9868.454285714295
2394,9768.490000000009
2395,9697.75857142858
2396,9652.43714285715
2397,9693.965714285723
2398,9812.918571428581
2399,9962.620000000008
2400,10143.150000000007
2401,10240.334285714294
2402,10347.09000000001
2403,10333.467142857151
2404,10272.70714285715
2405,10343.90857142858
2406,10284.584285714296
2407,10372.517142857152
2408,10551.507142857154
2409,10653.754285714296
2410,11002.39000000001
2411,11445.792857142867
2412,11645.775714285726
2413,11821.784285714297
2414,11807.60285714287
2415,11695.247142857155
2416,11667.072857142868
2417,11643.020000000013
2418,11400.08285714287
2419,11169.558571428584
2420,11090.68142857144
2421,11183.058571428584
2422,11387.330000000014
2423,11413.661428571444
2424,11578.490000000016
2425,11718.205714285728
2426,11779.871428571441
2427,11787.295714285729
2428,11619.634285714299
2429,11299.524285714298
2430,11040.542857142867
2431,10492.212857142868
2432,10100.88285714287
2433,9851.935714285724
2434,9572.97285714287
2435,9298.572857142868
2436,9082.878571428582
2437,8897.367142857156
2438,8736.245714285727
2439,8565.295714285729
2440,8375.122857142871
2441,8185.808571428584
2442,8055.08285714287
2443,7959.4442857142985
2444,7897.752857142869
2445,7847.590000000012
2446,7819.322857142869
2447,7838.332857142869
2448,7995.168571428584
2449,8088.090000000012
2450,8170.157142857155
2451,8239.134285714299
2452,8363.30285714287
2453,8510.247142857155
2454,8601.747142857153
2455,8585.81142857144
2456,8511.717142857155
2457,8427.41285714287
2458,8367.694285714297
2459,8222.37285714287
2460,8106.548571428583
2461,7989.667142857155
2462,7923.102857142869
2463,7813.394285714297
2464,7726.307142857155
2465,7728.46142857144
2466,7805.810000000011
2467,7811.908571428582
2468,7790.845714285724
2469,7622.107142857153
2470,7596.217142857154
2471,7455.941428571439
2472,7219.168571428583
2473,6907.3714285714395
2474,6607.197142857154
2475,6315.35142857144
2476,6145.110000000012
2477,5967.000000000012
2478,5881.194285714298
2479,5778.864285714298
2480,5692.565714285725
2481,5617.490000000012
2482,5544.682857142869
2483,5477.811428571439
2484,5401.560000000011
2485,5336.047142857154
2486,5297.051428571439
2487,5301.594285714296
2488,5326.237142857154
2489,5343.237142857154
2490,5335.897142857153
2491,5335.331428571438
2492,5327.414285714295
2493,5332.92000000001
2494,5302.608571428581
2495,5256.952857142867
2496,5209.4971428571525
2497,5191.662857142867
2498,5156.447142857154
2499,5126.35142857144
2500,5091.912857142868
2501,5106.974285714297
2502,5103.585714285726
2503,5133.864285714298
2504,5139.43142857144
2505,5139.241428571439
2506,5133.09000000001
2507,5116.131428571438
2508,5062.467142857152
2509,5020.6514285714375
2510,4864.602857142866
2511,4712.271428571436
2512,4578.425714285722
2513,4449.611428571437
2514,4325.204285714293
2515,4197.411428571437
2516,4067.5914285714366
2517,4037.8142857142934
2518,4021.8471428571506
2519,4007.424285714293
2520,3990.80714285715
2521,3984.0685714285787
2522,3984.781428571436
2523,3994.350000000007
2524,4001.7342857142935
2525,4000.1571428571506
2526,4000.1528571428644
2527,3991.128571428579
2528,3976.3400000000074
2529,3951.0485714285787
2530,3932.07714285715
2531,3915.4771428571503
2532,3906.288571428579
2533,3897.2971428571504
2534,3888.88714285715
2535,3888.390000000007
2536,3887.7957142857217
2537,3884.224285714293
2538,3861.894285714293
2539,3846.3128571428642
2540,3828.725714285721
2541,3822.741428571436
2542,3814.1771428571496
2543,3807.9242857142926
2544,3800.995714285721
2545,3817.084285714293
2546,3807.9142857142933
2547,3850.4614285714365
2548,3870.318571428579
2549,3887.9785714285795
2550,3909.645714285722
2551,3923.7257142857225
2552,3933.822857142865
2553,3922.9685714285793
2554,3851.6328571428644
2555,3800.271428571436
2556,3750.7357142857218
2557,3699.258571428579
2558,3659.782857142865
2559,3621.5614285714364
2560,3623.3442857142936
2561,3630.025714285722
2562,3638.107142857151
2563,3610.6557142857223
2564,3581.5085714285788
2565,3558.670000000008
2566,3534.6942857142935
2567,3502.9871428571505
2568,3480.071428571436
2569,3451.9328571428646
2570,3457.0328571428645
2571,3464.57714285715
2572,3455.9271428571506
2573,3451.7742857142935
2574,3465.021428571436
2575,3473.661428571436
2576,3488.4071428571506
2577,3507.7671428571507
2578,3521.2871428571502
2579,3544.128571428579
2580,3557.378571428579
2581,3555.7271428571503
2582,3570.0200000000073
2583,3574.245714285721
2584,3580.9014285714356
2585,3586.475714285721
2586,3583.9228571428644
2587,3598.092857142864
2588,3589.1685714285786
2589,3577.4300000000076
2590,3578.350000000008
2591,3574.017142857151
2592,3627.561428571437
2593,3685.000000000008
2594,3734.9085714285798
2595,3807.8785714285796
2596,3834.7114285714365
2597,3861.9542857142937
2598,3887.7971428571504
2599,3872.3557142857217
2600,3849.7857142857215
2601,3810.850000000007
2602,3784.322857142865
2603,3773.5171428571507
2604,3780.2671428571507
2605,3751.857142857151
2606,3740.3114285714364
2607,3732.9757142857225
2608,3776.5628571428647
2609,3794.8200000000074
2610,3831.0471428571504
2611,3830.9614285714365
2612,3899.7771428571505
2613,3883.274285714294
2614,3870.015714285722
2615,3798.7400000000075
2616,3698.5914285714357
2617,3593.2785714285787
2618,3505.4942857142933
2619,3398.700000000008
2620,3367.668571428579
2621,3328.7271428571507
2622,3317.8414285714366
2623,3363.0842857142934
2624,3391.5428571428647
2625,3417.1685714285786
2626,3446.6957142857214
2627,3493.101428571436
2628,3574.7085714285786
2629,3639.1557142857214
2630,3727.104285714293
2631,3838.4028571428644
2632,3929.5128571428645
2633,4041.954285714293
2634,4112.670000000007
2635,4101.751428571436
2636,4098.635714285721
2637,4087.888571428578
2638,4051.091428571435
2639,4105.275714285721
2640,4115.870000000006
2641,4172.472857142864
2642,4270.13714285715
2643,4419.82714285715
2644,4645.001428571436
2645,4887.2657142857215
2646,5063.741428571436
2647,5261.370000000008
2648,5441.561428571437
2649,5712.818571428579
2650,5933.252857142865
2651,6045.79714285715
2652,6160.762857142865
2653,6269.912857142865
2654,6373.690000000008
2655,6467.411428571436
2656,6476.190000000007
2657,6478.464285714292
2658,6483.6128571428635
2659,6477.047142857149
2660,6479.04571428572
2661,6469.068571428577
2662,6439.564285714291
2663,6412.672857142863
2664,6394.888571428578
2665,6395.471428571435
2666,6412.401428571435
2667,6427.351428571434
2668,6444.2214285714335
2669,6471.874285714291
2670,6503.680000000005
2671,6537.49428571429
2672,6551.805714285719
2673,6563.63428571429
2674,6562.241428571433
2675,6575.222857142861
2676,6600.278571428576
2677,6629.672857142861
2678,6654.14428571429
2679,6618.320000000005
2680,6581.82428571429
2681,6548.842857142862
2682,6496.517142857148
2683,6480.818571428577
2684,6466.152857142863
2685,6454.797142857148
2686,6494.214285714292
2687,6531.548571428578
2688,6579.782857142864
2689,6628.512857142864
2690,6611.227142857149
2691,6592.5385714285785
2692,6583.767142857149
2693,6585.382857142863
2694,6585.684285714291
2695,6585.531428571434
2696,6599.151428571434
2697,6592.740000000005
2698,6581.561428571434
2699,6577.2442857142905
2700,6588.877142857148
2701,6606.972857142863
2702,6624.750000000006
2703,6596.588571428578
2704,6586.127142857149
2705,6570.257142857148
2706,6522.728571428577
2707,6493.728571428577
2708,6464.001428571434
2709,6423.660000000005
2710,6423.0000000000055
2711,6415.390000000006
2712,6409.455714285721
2713,6418.500000000006
2714,6382.1871428571485
2715,6335.057142857149
2716,6323.472857142864
2717,6327.562857142865
2718,6379.188571428579
2719,6531.210000000006
2720,6667.070000000007
2721,6817.241428571436
2722,6962.235714285722
2723,7050.188571428579
2724,7117.164285714292
2725,7164.481428571436
2726,7124.060000000007
2727,7073.434285714293
2728,6987.432857142864
2729,6920.808571428578
2730,6873.727142857149
2731,6808.037142857151
2732,6712.275714285722
2733,6627.11714285715
2734,6533.71714285715
2735,6501.935714285721
2736,6452.552857142864
2737,6438.674285714292
2738,6408.208571428578
2739,6394.818571428577
2740,6353.11571428572
2741,6351.902857142863
2742,6327.731428571434
2743,6305.501428571434
2744,6242.57571428572
2745,6273.724285714292
2746,6276.272857142864
2747,6352.270000000006
2748,6450.622857142864
2749,6552.888571428578
2750,6663.958571428578
2751,6846.068571428577
2752,6988.342857142862
2753,7176.854285714291
2754,7321.264285714292
2755,7498.278571428577
2756,7667.822857142863
2757,7841.422857142862
2758,7951.392857142862
2759,8007.720000000006
2760,8089.300000000005
2761,8184.487142857148
2762,8119.785714285719
2763,8003.184285714291
2764,7885.147142857148
2765,7763.570000000005
2766,7698.742857142862
2767,7585.351428571434
2768,7431.094285714292
2769,7288.571428571434
2770,7139.745714285719
2771,6975.918571428577
2772,6815.495714285719
2773,6641.832857142863
2774,6498.428571428577
2775,6352.638571428576
2776,6343.891428571434
2777,6395.190000000004
2778,6467.331428571432
2779,6523.790000000004
2780,6563.594285714289
2781,6593.438571428575
2782,6624.431428571434
2783,6617.741428571433
2784,6566.985714285719
2785,6514.570000000005
2786,6455.732857142862
2787,6359.2728571428615
2788,6294.5228571428615
2789,6231.225714285719
2790,6179.327142857147
2791,6147.921428571433
2792,6113.622857142863
2793,6091.777142857149
2794,6215.3285714285785
2795,6305.011428571435
2796,6400.78714285715
2797,6466.5671428571495
2798,6511.230000000006
2799,6558.944285714292
2800,6608.0728571428635
2801,6596.235714285722
2802,6529.274285714293
2803,6499.1014285714355
2804,6521.892857142864
2805,6566.94714285715
2806,6710.911428571436
2807,6884.41714285715
2808,7035.145714285721
2809,7230.297142857149
2810,7386.725714285721
2811,7474.582857142864
2812,7610.192857142864
2813,7631.378571428579
2814,7619.602857142864
2815,7590.164285714293
2816,7549.752857142864
2817,7526.365714285721
2818,7470.937142857149
2819,7417.327142857149
2820,7373.602857142863
2821,7364.458571428578
2822,7377.315714285721
2823,7395.314285714291
2824,7469.002857142863
2825,7652.180000000006
2826,7821.892857142862
2827,7950.397142857148
2828,8062.227142857148
2829,8128.862857142862
2830,8247.155714285718
2831,8316.425714285719
2832,8356.725714285718
2833,8378.54428571429
2834,8411.751428571433
2835,8434.63571428572
2836,8571.884285714292
2837,8711.88428571429
2838,8815.53571428572
2839,8915.772857142862
2840,9055.672857142861
2841,9255.395714285716
2842,9443.108571428575
2843,9549.937142857147
2844,9541.057142857146
2845,9524.474285714288
2846,9507.475714285716
2847,9473.188571428575
2848,9399.474285714288
2849,9285.382857142862
2850,9216.240000000003
2851,9162.261428571433
2852,9240.620000000006
2853,9196.048571428577
2854,9105.765714285719
2855,9043.952857142862
2856,9035.61428571429
2857,8894.47142857143
2858,8794.901428571431
2859,8547.048571428573
2860,8422.89285714286
2861,8361.175714285719
2862,8230.275714285717
2863,8090.337142857147
2864,8039.622857142861
2865,7865.450000000004
2866,7716.718571428575
2867,7533.547142857147
2868,7342.547142857147
2869,7184.945714285719
2870,7002.657142857148
2871,6838.0514285714335
2872,6815.52428571429
2873,6895.711428571433
2874,6934.751428571433
2875,6905.467142857147
2876,6909.482857142862
2877,6943.6028571428615
2878,6989.228571428575
2879,7153.9714285714335
2880,7209.728571428576
2881,7363.761428571433
2882,7600.495714285718
2883,7832.345714285718
2884,8126.317142857147
2885,8359.568571428576
2886,8493.240000000003
2887,8652.450000000003
2888,8718.988571428576
2889,8678.96571428572
2890,8575.81428571429
2891,8484.667142857146
2892,8415.821428571431
2893,8313.678571428576
2894,8347.967142857147
2895,8423.872857142862
2896,8615.81285714286
2897,8750.87285714286
2898,8889.015714285717
2899,9036.25285714286
2900,9284.824285714289
2901,9508.607142857145
2902,9840.415714285717
2903,10123.477142857146
2904,10508.371428571432
2905,10767.228571428574
2906,11002.708571428575
2907,11062.245714285717
2908,11041.18285714286
2909,10879.754285714287
2910,10604.754285714287
2911,10351.901428571431
2912,10222.192857142858
2913,10063.770000000002
2914,10079.60428571429
2915,10169.88285714286
2916,10288.311428571431
2917,10401.658571428574
2918,10593.807142857146
2919,10597.941428571432
2920,10624.948571428573
2921,10483.86142857143
2922,10103.705714285714
2923,9782.277142857143
2924,9450.91285714286
2925,9092.974285714286
2926,8882.108571428573
2927,8565.527142857145
2928,8301.100000000002
2929,8174.277142857146
2930,7893.847142857146
2931,7911.12285714286
2932,8006.26285714286
2933,8033.278571428576
2934,8239.06428571429
2935,8622.792857142862
2936,8992.131428571432
2937,9607.990000000003
2938,10135.867142857145
2939,10463.158571428574
2940,10779.725714285716
2941,11058.404285714289
2942,11210.53142857143
2943,11290.770000000004
2944,11220.63428571429
2945,11170.641428571433
2946,11357.632857142862
2947,11412.772857142862
2948,11382.301428571433
2949,11330.70142857143
2950,11345.104285714287
2951,11742.23
2952,12020.085714285715
2953,12221.522857142858
2954,12545.098571428573
2955,12870.357142857143
2956,13430.114285714284
2957,13930.114285714284
2958,14124.772857142858
2959,14506.921428571428
2960,14915.462857142857
2961,15375.517142857143
2962,15635.625714285716
2963,15637.4
2964,15676.701428571429
2965,15459.195714285714
2966,15111.528571428571
2967,14450.131428571427
2968,14081.34714285714
2969,13955.999999999996
2970,14033.211428571425
2971,14178.054285714283
2972,14223.674285714282
2973,14192.76571428571
2974,14315.621428571425
2975,14165.294285714283
2976,14352.512857142854
2977,14499.511428571424
2978,14728.96714285714
2979,15465.668571428569
2980,16231.385714285712
2981,17060.33714285714
2982,17662.225714285716
2983,17782.56
2984,17717.461428571427
2985,17582.431428571428
2986,17258.391428571427
2987,16692.67142857143
2988,16057.444285714284
2989,15820.325714285713
2990,15858.042857142855
2991,15503.294285714286
2992,14839.00857142857
2993,14123.441428571428
2994,13589.93142857143
2995,13051.922857142856
2996,12323.778571428571
2997,11358.058571428572
2998,10806.320000000002
2999,10548.721428571429
